,Keyword
Computers and the Internet,15
Twitter,5
Social Media,5
"Musk, Elon",5
Google Inc,4
internal-sub-only-nl,4
Start-ups,4
Artificial Intelligence,3
Venture Capital,2
Apple Inc,2
Research,2
Tesla Motors Inc,2
Stocks and Bonds,2
"Mergers, Acquisitions and Divestitures",2
Initial Public Offerings,1
United States,1
Innovation,1
Synopsys Inc,1
Shortages,1
Factories and Manufacturing,1
High Net Worth Individuals,1
Computer Chips,1
United States Politics and Government,1
"Trump, Donald J",1
"Patterson, David A (1947- )",1
Quarantine (Life and Culture),1
Search Engines,1
Airbnb,1
Silicon Valley (Calif),1
Automobiles,1
Space Exploration Technologies Corp,1
Alphabet Inc,1
Appointments and Executive Changes,1
Driverless and Semiautonomous Vehicles,1
Trucks and Trucking,1
Aurora Innovation Inc,1
Uber Technologies Inc,1
Waymo,1
"Urmson, Chris P (1976- )",1
Traffic Accidents and Safety,1
"Hennessy, John L",1
"Biden, Joseph R Jr",1
Visas,1
Fringe Groups and Movements,1
Smartphones,1
Advertising and Marketing,1
Layoffs and Job Reductions,1
Science Fiction,1
OpenAI Labs,1
Microsoft Corp,1
"Altman, Samuel H",1
"Kurzweil, Ray",1
Amazon.com Inc,1
Facebook Inc,1
Boards of Directors,1
Suits and Litigation (Civil),1
"Lindell, Mike",1
Immigration and Emigration,1
"West, Kanye",1
Rumors and Misinformation,1
Robots and Robotics,1
Surgery and Surgeons,1
your-feed-science,1
your-feed-health,1
"University of California, Berkeley",1
Software,1
Presidential Election of 2020,1
Endorsements,1
Foreign Students (in US),1
Turing Award,1
Global Warming,1
